source_cell,target_cell,cio_db,distance_km,handover_count_monthly,handover_success_rate,ping_pong_rate
CELL_000_0,CELL_000_1,1.9,0.0,2374,0.9367,0.0543
CELL_000_0,CELL_000_2,-2.0,0.0,1974,0.954,0.0257
CELL_000_0,CELL_021_0,-3.6,1.024,250,0.8851,0.0789
CELL_000_0,CELL_021_1,1.3,1.024,646,0.9301,0.072
CELL_000_0,CELL_021_2,0.9,1.024,3195,0.9344,0.0271
CELL_000_0,CELL_009_0,1.9,1.145,95,0.9782,0.0702
CELL_000_0,CELL_009_1,4.6,1.145,3532,0.9041,0.0663
CELL_000_0,CELL_009_2,2.4,1.145,3855,0.8855,0.0274
CELL_000_0,CELL_017_0,4.2,1.355,3789,0.8947,0.0425
CELL_000_1,CELL_000_0,5.9,0.0,4927,0.9149,0.0629
CELL_000_1,CELL_000_2,-0.7,0.0,4185,0.9269,0.0735
CELL_000_1,CELL_021_0,-0.6,1.024,1353,0.9618,0.0432
CELL_000_1,CELL_021_1,-2.9,1.024,2075,0.9724,0.0294
CELL_000_1,CELL_021_2,3.3,1.024,4019,0.9489,0.0292
CELL_000_1,CELL_009_0,-5.1,1.145,2390,0.9058,0.0335
CELL_000_1,CELL_009_1,4.7,1.145,710,0.8952,0.0262
CELL_000_1,CELL_009_2,2.3,1.145,1802,0.8871,0.0385
CELL_000_1,CELL_017_0,0.5,1.355,3456,0.8868,0.0683
CELL_000_1,CELL_017_1,-1.3,1.355,4834,0.9841,0.0114
CELL_000_1,CELL_017_2,4.6,1.355,4766,0.9218,0.0104
CELL_000_1,CELL_024_0,-1.8,1.423,3244,0.9739,0.0767
CELL_000_2,CELL_000_0,0.5,0.0,4523,0.968,0.0728
CELL_000_2,CELL_000_1,-0.1,0.0,2285,0.9279,0.012
CELL_000_2,CELL_021_0,-2.0,1.024,3362,0.9597,0.0688
CELL_000_2,CELL_021_1,5.0,1.024,4425,0.883,0.0376
CELL_000_2,CELL_021_2,0.8,1.024,272,0.8892,0.04
CELL_000_2,CELL_009_0,4.4,1.145,1538,0.8855,0.0365
CELL_000_2,CELL_009_1,-3.5,1.145,2727,0.9171,0.0716
CELL_000_2,CELL_009_2,-2.7,1.145,3503,0.9077,0.0157
CELL_000_2,CELL_017_0,-5.8,1.355,4468,0.8857,0.0766
CELL_000_2,CELL_017_1,-3.3,1.355,612,0.9659,0.0556
CELL_000_2,CELL_017_2,3.1,1.355,2075,0.9019,0.0114
CELL_001_0,CELL_001_1,-3.1,0.0,3929,0.9536,0.0495
CELL_001_0,CELL_001_2,-3.4,0.0,2149,0.9644,0.0217
CELL_001_0,CELL_007_0,1.3,0.659,988,0.9656,0.0215
CELL_001_0,CELL_007_1,-2.3,0.659,4790,0.8828,0.0318
CELL_001_0,CELL_007_2,2.1,0.659,3124,0.9236,0.0601
CELL_001_0,CELL_014_0,-5.1,0.694,2039,0.8912,0.0641
CELL_001_0,CELL_014_1,4.2,0.694,4968,0.9686,0.0657
CELL_001_0,CELL_014_2,0.8,0.694,386,0.9182,0.04
CELL_001_0,CELL_006_0,-1.6,0.711,4194,0.9512,0.0109
CELL_001_1,CELL_001_0,3.9,0.0,914,0.9277,0.0354
CELL_001_1,CELL_001_2,4.7,0.0,3816,0.9578,0.0405
CELL_001_1,CELL_007_0,2.8,0.659,2262,0.9478,0.0744
CELL_001_1,CELL_007_1,3.3,0.659,3858,0.9279,0.0612
CELL_001_1,CELL_007_2,-2.8,0.659,2061,0.9714,0.0161
CELL_001_1,CELL_014_0,4.6,0.694,2047,0.9626,0.0499
CELL_001_1,CELL_014_1,2.0,0.694,2805,0.8832,0.0696
CELL_001_1,CELL_014_2,-3.8,0.694,1787,0.919,0.0281
CELL_001_1,CELL_006_0,-2.6,0.711,4933,0.9571,0.0293
CELL_001_1,CELL_006_1,-5.9,0.711,1615,0.8894,0.0604
CELL_001_1,CELL_006_2,-0.1,0.711,2018,0.956,0.0552
CELL_001_2,CELL_001_0,-0.6,0.0,191,0.8902,0.0255
CELL_001_2,CELL_001_1,2.3,0.0,2558,0.953,0.0358
CELL_001_2,CELL_007_0,0.6,0.659,2866,0.9268,0.0622
CELL_001_2,CELL_007_1,-2.0,0.659,3767,0.9098,0.0276
CELL_001_2,CELL_007_2,-4.6,0.659,1627,0.9147,0.062
CELL_001_2,CELL_014_0,5.4,0.694,1566,0.9011,0.0617
CELL_001_2,CELL_014_1,-2.7,0.694,4879,0.9874,0.0467
CELL_001_2,CELL_014_2,-2.6,0.694,873,0.9716,0.0307
CELL_001_2,CELL_006_0,-1.7,0.711,2526,0.8816,0.0474
CELL_001_2,CELL_006_1,-2.7,0.711,496,0.9409,0.0588
CELL_001_2,CELL_006_2,-4.5,0.711,4071,0.8913,0.0109
CELL_002_0,CELL_002_1,-0.4,0.0,3658,0.9175,0.0776
CELL_002_0,CELL_002_2,-3.0,0.0,3963,0.8925,0.0146
CELL_002_0,CELL_018_0,-0.1,0.437,4776,0.9492,0.0138
CELL_002_0,CELL_018_1,-4.2,0.437,4660,0.9844,0.016
CELL_002_0,CELL_018_2,-3.0,0.437,4621,0.9641,0.0524
CELL_002_0,CELL_023_0,3.5,0.541,1898,0.9653,0.0366
CELL_002_0,CELL_023_1,4.9,0.541,2485,0.9746,0.0793
CELL_002_0,CELL_023_2,-2.3,0.541,543,0.9471,0.0618
CELL_002_0,CELL_015_0,5.4,0.588,1752,0.9488,0.0285
CELL_002_0,CELL_015_1,-5.0,0.588,2014,0.8991,0.0153
CELL_002_1,CELL_002_0,-1.1,0.0,4914,0.9317,0.0123
CELL_002_1,CELL_002_2,-2.5,0.0,2366,0.9573,0.0418
CELL_002_1,CELL_018_0,2.2,0.437,2217,0.9667,0.0538
CELL_002_1,CELL_018_1,1.9,0.437,1670,0.9268,0.0481
CELL_002_1,CELL_018_2,1.8,0.437,2226,0.9709,0.015
CELL_002_1,CELL_023_0,-4.0,0.541,2569,0.9455,0.0677
CELL_002_1,CELL_023_1,5.1,0.541,3647,0.8937,0.0582
CELL_002_1,CELL_023_2,2.4,0.541,2280,0.9351,0.0446
CELL_002_2,CELL_002_0,1.2,0.0,3589,0.9608,0.0523
CELL_002_2,CELL_002_1,-5.7,0.0,1925,0.9858,0.0685
CELL_002_2,CELL_018_0,0.9,0.437,219,0.99,0.0571
CELL_002_2,CELL_018_1,-2.8,0.437,379,0.9639,0.0223
CELL_002_2,CELL_018_2,0.2,0.437,3672,0.9808,0.0227
CELL_002_2,CELL_023_0,1.0,0.541,4078,0.9866,0.0429
CELL_002_2,CELL_023_1,-1.1,0.541,2680,0.9537,0.07
CELL_002_2,CELL_023_2,-2.0,0.541,4108,0.9117,0.0762
CELL_003_0,CELL_003_1,-5.6,0.0,771,0.9146,0.0326
CELL_003_0,CELL_003_2,5.6,0.0,3361,0.9751,0.0677
CELL_003_0,CELL_012_0,-6.0,0.166,4494,0.9308,0.0138
CELL_003_0,CELL_012_1,0.2,0.166,4133,0.9488,0.0632
CELL_003_0,CELL_012_2,-3.6,0.166,4549,0.8944,0.0302
CELL_003_0,CELL_008_0,4.6,0.706,4020,0.8934,0.0781
CELL_003_0,CELL_008_1,1.3,0.706,2010,0.9581,0.0318
CELL_003_0,CELL_008_2,-5.8,0.706,3392,0.8903,0.0795
CELL_003_0,CELL_004_0,5.0,0.927,3830,0.9842,0.0553
CELL_003_0,CELL_004_1,-4.2,0.927,2440,0.936,0.0291
CELL_003_0,CELL_004_2,4.0,0.927,3918,0.9068,0.0486
CELL_003_0,CELL_023_0,-1.4,1.329,4960,0.9359,0.0716
CELL_003_1,CELL_003_0,-2.7,0.0,3449,0.9174,0.0651
CELL_003_1,CELL_003_2,-2.8,0.0,71,0.9111,0.0309
CELL_003_1,CELL_012_0,1.0,0.166,4061,0.9752,0.0413
CELL_003_1,CELL_012_1,-0.2,0.166,2773,0.9407,0.048
CELL_003_1,CELL_012_2,-0.5,0.166,2686,0.9757,0.0787
CELL_003_1,CELL_008_0,-3.1,0.706,3187,0.9057,0.0643
CELL_003_1,CELL_008_1,-5.5,0.706,3924,0.9576,0.0668
CELL_003_1,CELL_008_2,-1.4,0.706,1296,0.9345,0.0126
CELL_003_2,CELL_003_0,5.6,0.0,2769,0.9757,0.0712
CELL_003_2,CELL_003_1,-0.7,0.0,4358,0.9801,0.0111
CELL_003_2,CELL_012_0,-4.3,0.166,1314,0.8882,0.0647
CELL_003_2,CELL_012_1,-2.8,0.166,3306,0.9515,0.0696
CELL_003_2,CELL_012_2,4.2,0.166,4421,0.9218,0.0322
CELL_003_2,CELL_008_0,2.6,0.706,4047,0.976,0.0125
CELL_003_2,CELL_008_1,-5.2,0.706,2404,0.9897,0.0623
CELL_003_2,CELL_008_2,-0.8,0.706,856,0.9636,0.0593
CELL_003_2,CELL_004_0,-4.8,0.927,1412,0.9563,0.0732
CELL_003_2,CELL_004_1,-5.4,0.927,509,0.9123,0.0362
CELL_003_2,CELL_004_2,-4.3,0.927,4401,0.9253,0.0577
CELL_003_2,CELL_023_0,-3.8,1.329,1484,0.8887,0.071
CELL_004_0,CELL_004_1,2.2,0.0,4126,0.9804,0.02
CELL_004_0,CELL_004_2,-0.5,0.0,2130,0.9306,0.0567
CELL_004_0,CELL_023_0,4.8,0.727,3861,0.9791,0.0574
CELL_004_0,CELL_023_1,-4.1,0.727,3668,0.984,0.0791
CELL_004_0,CELL_023_2,-2.4,0.727,3525,0.9559,0.042
CELL_004_0,CELL_019_0,-2.4,0.879,3201,0.9739,0.0175
CELL_004_0,CELL_019_1,-1.4,0.879,2990,0.9432,0.0795
CELL_004_0,CELL_019_2,-2.5,0.879,3292,0.9102,0.0496
CELL_004_0,CELL_018_0,2.2,0.894,451,0.9802,0.0622
CELL_004_0,CELL_018_1,4.0,0.894,2394,0.9653,0.0261
CELL_004_0,CELL_018_2,3.6,0.894,1844,0.95,0.0535
CELL_004_0,CELL_012_0,2.1,0.899,1170,0.9491,0.0732
CELL_004_1,CELL_004_0,-2.3,0.0,3661,0.8837,0.0355
CELL_004_1,CELL_004_2,-4.4,0.0,2467,0.9159,0.0391
CELL_004_1,CELL_023_0,-3.6,0.727,4468,0.9764,0.0356
CELL_004_1,CELL_023_1,0.0,0.727,2282,0.9714,0.028
CELL_004_1,CELL_023_2,3.9,0.727,3997,0.9864,0.0307
CELL_004_1,CELL_019_0,4.4,0.879,993,0.9315,0.0153
CELL_004_1,CELL_019_1,3.0,0.879,1898,0.9746,0.0607
CELL_004_1,CELL_019_2,5.8,0.879,4615,0.9202,0.0653
CELL_004_2,CELL_004_0,-2.8,0.0,1062,0.93,0.0571
CELL_004_2,CELL_004_1,2.1,0.0,4838,0.9219,0.0547
CELL_004_2,CELL_023_0,-1.5,0.727,1965,0.9319,0.0534
CELL_004_2,CELL_023_1,5.3,0.727,2737,0.9807,0.0255
CELL_004_2,CELL_023_2,-5.2,0.727,3853,0.98,0.0312
CELL_004_2,CELL_019_0,-1.1,0.879,1195,0.885,0.0126
CELL_004_2,CELL_019_1,6.0,0.879,1001,0.8907,0.0721
CELL_004_2,CELL_019_2,-4.4,0.879,3766,0.9208,0.0765
CELL_005_0,CELL_005_1,-1.0,0.0,1315,0.9774,0.0558
CELL_005_0,CELL_005_2,4.0,0.0,3393,0.9833,0.0296
CELL_005_0,CELL_007_0,2.3,0.253,1829,0.9288,0.0765
CELL_005_0,CELL_007_1,4.3,0.253,863,0.9879,0.0357
CELL_005_0,CELL_007_2,4.8,0.253,2988,0.8867,0.0293
CELL_005_0,CELL_011_0,5.6,0.725,3775,0.8901,0.0248
CELL_005_0,CELL_011_1,1.7,0.725,224,0.8856,0.0333
CELL_005_0,CELL_011_2,5.9,0.725,4675,0.9026,0.0681
CELL_005_0,CELL_001_0,0.7,0.826,4853,0.9038,0.0709
CELL_005_0,CELL_001_1,-2.1,0.826,1258,0.9668,0.0517
CELL_005_0,CELL_001_2,-2.7,0.826,1235,0.9886,0.0478
CELL_005_0,CELL_010_0,3.6,1.125,950,0.9527,0.0118
CELL_005_1,CELL_005_0,-1.7,0.0,1999,0.9448,0.0111
CELL_005_1,CELL_005_2,-2.8,0.0,1088,0.9616,0.0468
CELL_005_1,CELL_007_0,2.9,0.253,3951,0.9293,0.0353
CELL_005_1,CELL_007_1,1.1,0.253,3752,0.9354,0.0762
CELL_005_1,CELL_007_2,-5.5,0.253,4321,0.9132,0.055
CELL_005_1,CELL_011_0,-5.6,0.725,3973,0.9732,0.0398
CELL_005_1,CELL_011_1,-4.7,0.725,3683,0.8881,0.0157
CELL_005_1,CELL_011_2,1.3,0.725,588,0.8939,0.0537
CELL_005_2,CELL_005_0,0.6,0.0,2713,0.9219,0.0518
CELL_005_2,CELL_005_1,-2.5,0.0,4191,0.9466,0.0169
CELL_005_2,CELL_007_0,2.4,0.253,4566,0.9593,0.0251
CELL_005_2,CELL_007_1,-0.6,0.253,1921,0.9255,0.0679
CELL_005_2,CELL_007_2,-1.2,0.253,828,0.9144,0.0319
CELL_005_2,CELL_011_0,-2.9,0.725,1300,0.9556,0.0432
CELL_005_2,CELL_011_1,-4.9,0.725,749,0.8903,0.0168
CELL_005_2,CELL_011_2,2.9,0.725,1115,0.9412,0.0511
CELL_005_2,CELL_001_0,0.7,0.826,2750,0.9537,0.0388
CELL_005_2,CELL_001_1,4.5,0.826,3514,0.9755,0.0605
CELL_005_2,CELL_001_2,5.6,0.826,4968,0.9144,0.0173
CELL_005_2,CELL_010_0,0.1,1.125,1317,0.9522,0.0257
CELL_006_0,CELL_006_1,-1.8,0.0,4606,0.9204,0.0634
CELL_006_0,CELL_006_2,0.9,0.0,3565,0.973,0.0782
CELL_006_0,CELL_014_0,3.8,0.147,4610,0.8829,0.075
CELL_006_0,CELL_014_1,4.0,0.147,2240,0.8832,0.0291
CELL_006_0,CELL_014_2,3.1,0.147,2833,0.9186,0.0227
CELL_006_0,CELL_015_0,-4.3,0.225,3333,0.8877,0.0619
CELL_006_0,CELL_015_1,5.7,0.225,801,0.9621,0.0251
CELL_006_0,CELL_015_2,-1.0,0.225,2842,0.8973,0.0318
CELL_006_1,CELL_006_0,3.3,0.0,4699,0.9456,0.0718
CELL_006_1,CELL_006_2,-4.1,0.0,457,0.9541,0.029
CELL_006_1,CELL_014_0,1.9,0.147,4028,0.9468,0.039
CELL_006_1,CELL_014_1,-3.4,0.147,4247,0.8925,0.0401
CELL_006_1,CELL_014_2,-2.6,0.147,4908,0.9335,0.0567
CELL_006_1,CELL_015_0,-5.5,0.225,3287,0.9883,0.0138
CELL_006_1,CELL_015_1,-3.5,0.225,1780,0.9644,0.0635
CELL_006_1,CELL_015_2,-2.5,0.225,1032,0.8809,0.0623
CELL_006_1,CELL_024_0,-3.9,0.451,3164,0.9386,0.0261
CELL_006_1,CELL_024_1,0.7,0.451,2951,0.8879,0.0703
CELL_006_2,CELL_006_0,-0.8,0.0,3816,0.9813,0.0703
CELL_006_2,CELL_006_1,0.9,0.0,4747,0.9245,0.0548
CELL_006_2,CELL_014_0,-2.5,0.147,3368,0.8823,0.0327
CELL_006_2,CELL_014_1,3.6,0.147,3819,0.9715,0.0744
CELL_006_2,CELL_014_2,-4.9,0.147,917,0.9068,0.0512
CELL_006_2,CELL_015_0,0.3,0.225,3292,0.9758,0.0622
CELL_006_2,CELL_015_1,-3.3,0.225,1427,0.8884,0.0543
CELL_006_2,CELL_015_2,0.4,0.225,1638,0.9797,0.0345
CELL_007_0,CELL_007_1,-3.2,0.0,1249,0.9082,0.0221
CELL_007_0,CELL_007_2,-4.2,0.0,667,0.8995,0.0641
CELL_007_0,CELL_005_0,-0.1,0.253,4668,0.9636,0.0414
CELL_007_0,CELL_005_1,5.1,0.253,4674,0.9507,0.0791
CELL_007_0,CELL_005_2,-2.1,0.253,2639,0.8966,0.0148
CELL_007_0,CELL_001_0,-0.7,0.659,2530,0.9676,0.0514
CELL_007_0,CELL_001_1,-1.8,0.659,657,0.9141,0.0416
CELL_007_0,CELL_001_2,-5.3,0.659,2401,0.8884,0.0705
CELL_007_0,CELL_011_0,4.3,0.928,4916,0.9358,0.0424
CELL_007_1,CELL_007_0,5.5,0.0,386,0.9295,0.0667
CELL_007_1,CELL_007_2,1.8,0.0,2683,0.9466,0.0451
CELL_007_1,CELL_005_0,5.5,0.253,3740,0.8914,0.0729
CELL_007_1,CELL_005_1,-1.9,0.253,740,0.9355,0.0221
CELL_007_1,CELL_005_2,-3.0,0.253,3636,0.989,0.0467
CELL_007_1,CELL_001_0,1.3,0.659,3031,0.921,0.0298
CELL_007_1,CELL_001_1,-1.1,0.659,2821,0.9547,0.0137
CELL_007_1,CELL_001_2,1.6,0.659,2791,0.8873,0.0166
CELL_007_1,CELL_011_0,2.1,0.928,2377,0.9077,0.0696
CELL_007_1,CELL_011_1,5.6,0.928,4987,0.9761,0.0333
CELL_007_1,CELL_011_2,1.0,0.928,1208,0.9808,0.0317
CELL_007_1,CELL_016_0,1.9,0.965,3260,0.8942,0.0596
CELL_007_2,CELL_007_0,-2.3,0.0,3135,0.9508,0.033
CELL_007_2,CELL_007_1,-4.5,0.0,4362,0.8903,0.0569
CELL_007_2,CELL_005_0,0.1,0.253,199,0.9199,0.0226
CELL_007_2,CELL_005_1,-3.4,0.253,4033,0.9011,0.08
CELL_007_2,CELL_005_2,-4.1,0.253,2473,0.9729,0.0171
CELL_007_2,CELL_001_0,3.3,0.659,4363,0.8842,0.0336
CELL_007_2,CELL_001_1,3.2,0.659,1123,0.9457,0.0208
CELL_007_2,CELL_001_2,-3.8,0.659,1406,0.9593,0.0131
CELL_008_0,CELL_008_1,2.1,0.0,1995,0.9867,0.0527
CELL_008_0,CELL_008_2,3.0,0.0,3727,0.9057,0.0267
CELL_008_0,CELL_012_0,5.6,0.597,3892,0.9794,0.0236
CELL_008_0,CELL_012_1,2.1,0.597,4722,0.9883,0.0423
CELL_008_0,CELL_012_2,-2.6,0.597,3178,0.9353,0.0393
CELL_008_0,CELL_003_0,-4.1,0.706,1685,0.9681,0.0197
CELL_008_0,CELL_003_1,-3.0,0.706,3986,0.9762,0.0488
CELL_008_0,CELL_003_2,-4.8,0.706,4276,0.9736,0.03
CELL_008_0,CELL_004_0,3.2,1.41,2284,0.9294,0.0459
CELL_008_0,CELL_004_1,4.0,1.41,801,0.9841,0.0255
CELL_008_1,CELL_008_0,4.6,0.0,268,0.9256,0.0378
CELL_008_1,CELL_008_2,-1.5,0.0,3213,0.9894,0.0362
CELL_008_1,CELL_012_0,-5.7,0.597,861,0.9723,0.0555
CELL_008_1,CELL_012_1,3.5,0.597,1177,0.8842,0.0742
CELL_008_1,CELL_012_2,-0.3,0.597,1186,0.9635,0.0428
CELL_008_1,CELL_003_0,1.4,0.706,699,0.8821,0.0251
CELL_008_1,CELL_003_1,-4.2,0.706,4373,0.9266,0.0643
CELL_008_1,CELL_003_2,-3.1,0.706,1048,0.8853,0.0394
CELL_008_1,CELL_004_0,3.5,1.41,3794,0.8869,0.0686
CELL_008_1,CELL_004_1,-0.0,1.41,4441,0.8818,0.0461
CELL_008_1,CELL_004_2,-3.1,1.41,1226,0.912,0.0101
CELL_008_2,CELL_008_0,-3.1,0.0,3462,0.9006,0.0568
CELL_008_2,CELL_008_1,0.3,0.0,3004,0.8874,0.0468
CELL_008_2,CELL_012_0,0.1,0.597,4208,0.941,0.0373
CELL_008_2,CELL_012_1,-0.4,0.597,3219,0.9879,0.0278
CELL_008_2,CELL_012_2,-5.8,0.597,603,0.9179,0.0613
CELL_008_2,CELL_003_0,1.5,0.706,4816,0.9609,0.0333
CELL_008_2,CELL_003_1,-5.5,0.706,4522,0.9172,0.055
CELL_008_2,CELL_003_2,4.0,0.706,3856,0.9879,0.0435
CELL_008_2,CELL_004_0,-3.8,1.41,1154,0.8869,0.0643
CELL_008_2,CELL_004_1,-0.5,1.41,2453,0.9022,0.0654
CELL_009_0,CELL_009_1,-2.2,0.0,2590,0.9367,0.0792
CELL_009_0,CELL_009_2,0.5,0.0,2125,0.884,0.0553
CELL_009_0,CELL_016_0,-2.6,0.868,441,0.9752,0.0332
CELL_009_0,CELL_016_1,-4.5,0.868,3064,0.9281,0.038
CELL_009_0,CELL_016_2,-0.7,0.868,3217,0.9173,0.0231
CELL_009_0,CELL_001_0,2.3,0.951,3059,0.9817,0.0463
CELL_009_0,CELL_001_1,3.6,0.951,3527,0.8887,0.0522
CELL_009_0,CELL_001_2,3.9,0.951,4518,0.9123,0.0172
CELL_009_1,CELL_009_0,1.9,0.0,2560,0.9291,0.0602
CELL_009_1,CELL_009_2,-4.0,0.0,3686,0.9187,0.013
CELL_009_1,CELL_016_0,4.4,0.868,2938,0.9476,0.0404
CELL_009_1,CELL_016_1,1.7,0.868,519,0.8883,0.0546
CELL_009_1,CELL_016_2,-1.6,0.868,1360,0.9848,0.02
CELL_009_1,CELL_001_0,1.3,0.951,3639,0.8838,0.0147
CELL_009_1,CELL_001_1,3.3,0.951,3050,0.9198,0.0765
CELL_009_1,CELL_001_2,-5.6,0.951,1306,0.9547,0.0764
CELL_009_1,CELL_000_0,-1.5,1.145,679,0.9431,0.0471
CELL_009_1,CELL_000_1,-1.2,1.145,2333,0.9075,0.0179
CELL_009_2,CELL_009_0,-0.0,0.0,3220,0.9805,0.0182
CELL_009_2,CELL_009_1,3.3,0.0,3705,0.9036,0.0528
CELL_009_2,CELL_016_0,2.3,0.868,4073,0.902,0.0195
CELL_009_2,CELL_016_1,-5.1,0.868,1464,0.9789,0.0412
CELL_009_2,CELL_016_2,-4.9,0.868,2668,0.9535,0.0597
CELL_009_2,CELL_001_0,0.6,0.951,2428,0.978,0.0696
CELL_009_2,CELL_001_1,2.5,0.951,1476,0.9673,0.0456
CELL_009_2,CELL_001_2,-4.5,0.951,1696,0.9671,0.0266
CELL_009_2,CELL_000_0,-0.1,1.145,3006,0.9409,0.0358
CELL_010_0,CELL_010_1,-4.4,0.0,756,0.8872,0.0379
CELL_010_0,CELL_010_2,2.6,0.0,3971,0.9378,0.0638
CELL_010_0,CELL_020_0,3.9,0.135,654,0.8938,0.0322
CELL_010_0,CELL_020_1,-5.1,0.135,3866,0.9548,0.0341
CELL_010_0,CELL_020_2,4.5,0.135,4566,0.9504,0.0227
CELL_010_0,CELL_011_0,5.6,0.4,3594,0.9353,0.0708
CELL_010_0,CELL_011_1,4.0,0.4,4294,0.8968,0.0215
CELL_010_0,CELL_011_2,-2.1,0.4,1897,0.9181,0.0759
CELL_010_0,CELL_005_0,4.7,1.125,696,0.9076,0.0545
CELL_010_0,CELL_005_1,0.6,1.125,1075,0.9488,0.053
CELL_010_0,CELL_005_2,-4.9,1.125,1431,0.9451,0.0506
CELL_010_0,CELL_007_0,-3.9,1.32,2815,0.9727,0.0495
CELL_010_1,CELL_010_0,-5.0,0.0,4774,0.9091,0.0248
CELL_010_1,CELL_010_2,0.9,0.0,298,0.9348,0.0539
CELL_010_1,CELL_020_0,-2.5,0.135,2524,0.9331,0.0663
CELL_010_1,CELL_020_1,2.2,0.135,2486,0.9299,0.0582
CELL_010_1,CELL_020_2,-4.1,0.135,3454,0.9333,0.0243
CELL_010_1,CELL_011_0,1.3,0.4,2610,0.9748,0.0324
CELL_010_1,CELL_011_1,5.9,0.4,2879,0.9873,0.0192
CELL_010_1,CELL_011_2,-1.6,0.4,4651,0.8917,0.0269
CELL_010_2,CELL_010_0,-2.8,0.0,2080,0.8955,0.0135
CELL_010_2,CELL_010_1,5.3,0.0,3475,0.9073,0.0706
CELL_010_2,CELL_020_0,-4.1,0.135,2732,0.9827,0.0605
CELL_010_2,CELL_020_1,-3.7,0.135,1355,0.9348,0.046
CELL_010_2,CELL_020_2,-0.0,0.135,2577,0.9347,0.0163
CELL_010_2,CELL_011_0,-1.3,0.4,3795,0.9863,0.0251
CELL_010_2,CELL_011_1,-1.8,0.4,464,0.9109,0.0518
CELL_010_2,CELL_011_2,4.1,0.4,3905,0.9114,0.0106
CELL_011_0,CELL_011_1,-0.8,0.0,2216,0.96,0.0635
CELL_011_0,CELL_011_2,-1.6,0.0,3331,0.8856,0.0493
CELL_011_0,CELL_010_0,-1.6,0.4,2414,0.8881,0.0453
CELL_011_0,CELL_010_1,3.2,0.4,2341,0.9708,0.0536
CELL_011_0,CELL_010_2,1.3,0.4,1104,0.9873,0.0376
CELL_011_0,CELL_020_0,3.5,0.418,2827,0.9414,0.0356
CELL_011_0,CELL_020_1,-4.3,0.418,4985,0.936,0.045
CELL_011_0,CELL_020_2,-5.5,0.418,1172,0.9585,0.0663
CELL_011_1,CELL_011_0,-0.5,0.0,4273,0.8954,0.0752
CELL_011_1,CELL_011_2,-2.2,0.0,3269,0.989,0.0618
CELL_011_1,CELL_010_0,-2.4,0.4,2805,0.9358,0.0457
CELL_011_1,CELL_010_1,-0.1,0.4,4661,0.913,0.0671
CELL_011_1,CELL_010_2,-1.6,0.4,947,0.9878,0.0509
CELL_011_1,CELL_020_0,3.6,0.418,268,0.9457,0.0286
CELL_011_1,CELL_020_1,1.9,0.418,4788,0.9435,0.0605
CELL_011_1,CELL_020_2,1.0,0.418,1446,0.9377,0.0605
CELL_011_1,CELL_005_0,3.3,0.725,3164,0.8963,0.0577
CELL_011_1,CELL_005_1,-5.6,0.725,950,0.901,0.0409
CELL_011_1,CELL_005_2,-1.0,0.725,3432,0.956,0.0387
CELL_011_1,CELL_007_0,3.3,0.928,3913,0.976,0.0615
CELL_011_2,CELL_011_0,2.5,0.0,4299,0.9028,0.0328
CELL_011_2,CELL_011_1,1.9,0.0,4354,0.9215,0.077
CELL_011_2,CELL_010_0,-0.5,0.4,4417,0.9177,0.0348
CELL_011_2,CELL_010_1,3.3,0.4,2215,0.9471,0.0235
CELL_011_2,CELL_010_2,-3.0,0.4,4621,0.9128,0.0759
CELL_011_2,CELL_020_0,5.8,0.418,2417,0.9575,0.0583
CELL_011_2,CELL_020_1,-0.1,0.418,3980,0.9184,0.0754
CELL_011_2,CELL_020_2,3.5,0.418,2290,0.9117,0.0501
CELL_012_0,CELL_012_1,-1.4,0.0,3282,0.97,0.0768
CELL_012_0,CELL_012_2,3.7,0.0,2429,0.8846,0.0769
CELL_012_0,CELL_003_0,-5.1,0.166,3673,0.9522,0.0623
CELL_012_0,CELL_003_1,-3.4,0.166,4462,0.9098,0.0493
CELL_012_0,CELL_003_2,-2.7,0.166,944,0.9477,0.0511
CELL_012_0,CELL_008_0,-3.1,0.597,4400,0.9048,0.0263
CELL_012_0,CELL_008_1,-4.8,0.597,2755,0.9589,0.017
CELL_012_0,CELL_008_2,3.2,0.597,92,0.9861,0.0785
CELL_012_0,CELL_004_0,-4.1,0.899,3946,0.9325,0.024
CELL_012_0,CELL_004_1,5.6,0.899,2681,0.9114,0.0141
CELL_012_0,CELL_004_2,3.2,0.899,4753,0.9055,0.0617
CELL_012_0,CELL_023_0,4.2,1.386,355,0.9805,0.0223
CELL_012_1,CELL_012_0,5.2,0.0,347,0.9897,0.0378
CELL_012_1,CELL_012_2,-0.1,0.0,2421,0.9764,0.0106
CELL_012_1,CELL_003_0,0.8,0.166,929,0.9821,0.0335
CELL_012_1,CELL_003_1,-0.5,0.166,4500,0.9377,0.0722
CELL_012_1,CELL_003_2,-4.4,0.166,4180,0.9315,0.0235
CELL_012_1,CELL_008_0,-4.6,0.597,1381,0.9604,0.0554
CELL_012_1,CELL_008_1,2.6,0.597,165,0.961,0.0654
CELL_012_1,CELL_008_2,0.8,0.597,1632,0.8993,0.0699
CELL_012_1,CELL_004_0,4.8,0.899,3553,0.9367,0.0161
CELL_012_2,CELL_012_0,-3.8,0.0,1201,0.9325,0.0755
CELL_012_2,CELL_012_1,-5.9,0.0,3192,0.9059,0.0628
CELL_012_2,CELL_003_0,5.4,0.166,2523,0.9441,0.0501
CELL_012_2,CELL_003_1,-2.9,0.166,2995,0.9562,0.0143
CELL_012_2,CELL_003_2,-4.6,0.166,2563,0.8976,0.058
CELL_012_2,CELL_008_0,5.1,0.597,2597,0.9559,0.0547
CELL_012_2,CELL_008_1,5.3,0.597,3060,0.9476,0.0253
CELL_012_2,CELL_008_2,-4.4,0.597,1304,0.93,0.0792
CELL_013_0,CELL_013_1,-1.0,0.0,4549,0.9804,0.063
CELL_013_0,CELL_013_2,3.6,0.0,1839,0.9638,0.0576
CELL_013_0,CELL_016_0,1.1,1.072,720,0.9378,0.047
CELL_013_0,CELL_016_1,-1.7,1.072,4671,0.8923,0.068
CELL_013_0,CELL_016_2,4.8,1.072,1706,0.943,0.0205
CELL_013_0,CELL_009_0,-2.1,1.334,4312,0.9286,0.0576
CELL_013_0,CELL_009_1,2.6,1.334,4054,0.89,0.0457
CELL_013_0,CELL_009_2,3.7,1.334,3764,0.8945,0.0391
CELL_013_0,CELL_000_0,0.8,1.905,4627,0.9309,0.0665
CELL_013_0,CELL_000_1,2.7,1.905,3293,0.908,0.0102
CELL_013_1,CELL_013_0,0.9,0.0,421,0.9266,0.059
CELL_013_1,CELL_013_2,0.5,0.0,543,0.9828,0.0148
CELL_013_1,CELL_016_0,5.2,1.072,309,0.9116,0.0226
CELL_013_1,CELL_016_1,-4.4,1.072,3493,0.9212,0.0724
CELL_013_1,CELL_016_2,-0.6,1.072,3142,0.9213,0.0578
CELL_013_1,CELL_009_0,1.9,1.334,4467,0.8946,0.0702
CELL_013_1,CELL_009_1,-4.6,1.334,4451,0.9232,0.0189
CELL_013_1,CELL_009_2,5.7,1.334,78,0.9632,0.0785
CELL_013_1,CELL_000_0,-0.4,1.905,4510,0.9267,0.0365
CELL_013_2,CELL_013_0,-3.0,0.0,2885,0.8971,0.0232
CELL_013_2,CELL_013_1,4.5,0.0,974,0.8835,0.0562
CELL_013_2,CELL_016_0,1.4,1.072,178,0.9065,0.0147
CELL_013_2,CELL_016_1,1.1,1.072,3707,0.9458,0.0592
CELL_013_2,CELL_016_2,-5.4,1.072,412,0.9242,0.0264
CELL_013_2,CELL_009_0,-3.4,1.334,512,0.8954,0.0795
CELL_013_2,CELL_009_1,-3.2,1.334,4769,0.9151,0.0519
CELL_013_2,CELL_009_2,2.1,1.334,2676,0.9061,0.0713
CELL_013_2,CELL_000_0,5.8,1.905,4320,0.9043,0.031
CELL_014_0,CELL_014_1,0.7,0.0,4896,0.9768,0.0738
CELL_014_0,CELL_014_2,1.5,0.0,3549,0.9411,0.0133
CELL_014_0,CELL_015_0,-1.9,0.08,3172,0.9664,0.0323
CELL_014_0,CELL_015_1,-1.0,0.08,1272,0.913,0.0229
CELL_014_0,CELL_015_2,0.5,0.08,2024,0.9734,0.0311
CELL_014_0,CELL_006_0,2.5,0.147,3843,0.9806,0.0494
CELL_014_0,CELL_006_1,5.6,0.147,4615,0.9383,0.0372
CELL_014_0,CELL_006_2,-2.9,0.147,2755,0.9511,0.0746
CELL_014_1,CELL_014_0,-4.9,0.0,1610,0.8857,0.0364
CELL_014_1,CELL_014_2,1.3,0.0,373,0.9761,0.0232
CELL_014_1,CELL_015_0,3.1,0.08,4628,0.9039,0.0246
CELL_014_1,CELL_015_1,4.9,0.08,2533,0.9853,0.0111
CELL_014_1,CELL_015_2,5.2,0.08,1011,0.9622,0.0628
CELL_014_1,CELL_006_0,5.0,0.147,1725,0.9236,0.0268
CELL_014_1,CELL_006_1,-2.1,0.147,2368,0.9219,0.0474
CELL_014_1,CELL_006_2,-1.7,0.147,2192,0.9196,0.0718
CELL_014_1,CELL_024_0,-0.4,0.592,3896,0.9638,0.0324
CELL_014_1,CELL_024_1,-3.6,0.592,2613,0.9255,0.0494
CELL_014_2,CELL_014_0,2.9,0.0,182,0.9087,0.0754
CELL_014_2,CELL_014_1,0.9,0.0,3470,0.9125,0.0237
CELL_014_2,CELL_015_0,-3.2,0.08,4717,0.9717,0.045
CELL_014_2,CELL_015_1,1.9,0.08,2815,0.9083,0.0675
CELL_014_2,CELL_015_2,5.6,0.08,4068,0.9307,0.0613
CELL_014_2,CELL_006_0,-1.8,0.147,1196,0.9592,0.0442
CELL_014_2,CELL_006_1,5.0,0.147,4491,0.9889,0.077
CELL_014_2,CELL_006_2,0.3,0.147,658,0.984,0.0568
CELL_014_2,CELL_024_0,3.2,0.592,3428,0.8951,0.0541
CELL_015_0,CELL_015_1,2.5,0.0,124,0.9041,0.0419
CELL_015_0,CELL_015_2,-5.3,0.0,4008,0.9525,0.0111
CELL_015_0,CELL_014_0,0.4,0.08,3419,0.8813,0.0471
CELL_015_0,CELL_014_1,-2.7,0.08,2398,0.8819,0.0669
CELL_015_0,CELL_014_2,2.1,0.08,1518,0.8918,0.0167
CELL_015_0,CELL_006_0,-4.2,0.225,1622,0.9482,0.0277
CELL_015_0,CELL_006_1,-1.7,0.225,3301,0.8887,0.0772
CELL_015_0,CELL_006_2,-0.5,0.225,2042,0.9889,0.0258
CELL_015_1,CELL_015_0,1.8,0.0,309,0.8903,0.0365
CELL_015_1,CELL_015_2,0.6,0.0,509,0.95,0.0592
CELL_015_1,CELL_014_0,-5.0,0.08,3604,0.9509,0.0332
CELL_015_1,CELL_014_1,5.7,0.08,831,0.9784,0.0743
CELL_015_1,CELL_014_2,-3.2,0.08,4693,0.9323,0.0133
CELL_015_1,CELL_006_0,-5.1,0.225,2346,0.9789,0.0494
CELL_015_1,CELL_006_1,-5.6,0.225,2626,0.8817,0.0245
CELL_015_1,CELL_006_2,-4.3,0.225,3312,0.9822,0.0309
CELL_015_2,CELL_015_0,-3.1,0.0,3237,0.9545,0.0478
CELL_015_2,CELL_015_1,-1.4,0.0,1196,0.967,0.0583
CELL_015_2,CELL_014_0,-5.1,0.08,2883,0.8859,0.0406
CELL_015_2,CELL_014_1,4.1,0.08,2840,0.9466,0.053
CELL_015_2,CELL_014_2,1.1,0.08,2723,0.8833,0.0291
CELL_015_2,CELL_006_0,5.9,0.225,4069,0.9051,0.0487
CELL_015_2,CELL_006_1,-1.5,0.225,1571,0.9548,0.0562
CELL_015_2,CELL_006_2,-5.0,0.225,2469,0.9678,0.0599
CELL_015_2,CELL_002_0,-5.0,0.588,1313,0.9218,0.0649
CELL_015_2,CELL_002_1,-4.1,0.588,3241,0.9148,0.0175
CELL_015_2,CELL_002_2,-5.9,0.588,2575,0.9289,0.0633
CELL_015_2,CELL_024_0,-4.8,0.661,765,0.9006,0.0414
CELL_016_0,CELL_016_1,0.1,0.0,896,0.8829,0.0348
CELL_016_0,CELL_016_2,-4.9,0.0,4949,0.9663,0.0705
CELL_016_0,CELL_009_0,-5.9,0.868,3439,0.9227,0.0159
CELL_016_0,CELL_009_1,4.8,0.868,2038,0.9429,0.0219
CELL_016_0,CELL_009_2,-1.4,0.868,1187,0.9096,0.0288
CELL_016_0,CELL_007_0,-4.2,0.965,1419,0.9278,0.0395
CELL_016_0,CELL_007_1,-0.2,0.965,680,0.9197,0.0761
CELL_016_0,CELL_007_2,2.7,0.965,4111,0.9453,0.0237
CELL_016_0,CELL_013_0,-4.7,1.072,2545,0.8807,0.0377
CELL_016_0,CELL_013_1,4.1,1.072,3162,0.9684,0.0331
CELL_016_0,CELL_013_2,-2.0,1.072,4919,0.895,0.0324
CELL_016_0,CELL_001_0,5.4,1.108,1695,0.9327,0.0224
CELL_016_1,CELL_016_0,5.6,0.0,2437,0.9608,0.0543
CELL_016_1,CELL_016_2,5.6,0.0,2035,0.9158,0.0296
CELL_016_1,CELL_009_0,3.4,0.868,3040,0.8925,0.0495
CELL_016_1,CELL_009_1,1.1,0.868,4519,0.8998,0.0637
CELL_016_1,CELL_009_2,-5.7,0.868,3831,0.9837,0.0247
CELL_016_1,CELL_007_0,3.6,0.965,616,0.9701,0.0657
CELL_016_1,CELL_007_1,-1.1,0.965,4140,0.8953,0.0312
CELL_016_1,CELL_007_2,-3.0,0.965,1312,0.9587,0.0652
CELL_016_1,CELL_013_0,-5.1,1.072,4948,0.9327,0.0381
CELL_016_1,CELL_013_1,0.1,1.072,3476,0.9398,0.0654
CELL_016_1,CELL_013_2,-1.7,1.072,4448,0.9453,0.074
CELL_016_2,CELL_016_0,3.2,0.0,2958,0.8983,0.0529
CELL_016_2,CELL_016_1,0.8,0.0,3323,0.9863,0.0332
CELL_016_2,CELL_009_0,3.6,0.868,917,0.8812,0.0281
CELL_016_2,CELL_009_1,0.1,0.868,4299,0.9414,0.0581
CELL_016_2,CELL_009_2,-3.3,0.868,3114,0.923,0.0641
CELL_016_2,CELL_007_0,1.1,0.965,4149,0.8966,0.0798
CELL_016_2,CELL_007_1,-0.2,0.965,2470,0.9258,0.0773
CELL_016_2,CELL_007_2,-4.6,0.965,1210,0.9183,0.034
CELL_017_0,CELL_017_1,0.3,0.0,2903,0.9324,0.0407
CELL_017_0,CELL_017_2,2.4,0.0,2662,0.8874,0.0131
CELL_017_0,CELL_022_0,2.5,0.338,235,0.9734,0.0554
CELL_017_0,CELL_022_1,2.1,0.338,1396,0.9823,0.0618
CELL_017_0,CELL_022_2,0.2,0.338,4571,0.8976,0.0492
CELL_017_0,CELL_021_0,5.5,0.363,1949,0.9678,0.0541
CELL_017_0,CELL_021_1,-3.8,0.363,3590,0.9235,0.0616
CELL_017_0,CELL_021_2,4.6,0.363,3732,0.9451,0.0372
CELL_017_0,CELL_024_0,2.5,0.97,1735,0.9106,0.0593
CELL_017_1,CELL_017_0,0.9,0.0,4448,0.9006,0.0328
CELL_017_1,CELL_017_2,-0.5,0.0,2199,0.9538,0.0443
CELL_017_1,CELL_022_0,5.6,0.338,2617,0.9457,0.0528
CELL_017_1,CELL_022_1,1.0,0.338,2900,0.9187,0.0421
CELL_017_1,CELL_022_2,-3.9,0.338,2486,0.9811,0.0513
CELL_017_1,CELL_021_0,2.1,0.363,2615,0.893,0.0314
CELL_017_1,CELL_021_1,-3.8,0.363,1208,0.9362,0.0393
CELL_017_1,CELL_021_2,-4.3,0.363,3193,0.9265,0.0441
CELL_017_2,CELL_017_0,2.3,0.0,1469,0.941,0.0443
CELL_017_2,CELL_017_1,-4.3,0.0,2627,0.9726,0.0534
CELL_017_2,CELL_022_0,4.4,0.338,128,0.9333,0.0237
CELL_017_2,CELL_022_1,-1.4,0.338,4650,0.9356,0.0446
CELL_017_2,CELL_022_2,2.2,0.338,3454,0.9581,0.0411
CELL_017_2,CELL_021_0,-4.0,0.363,4681,0.8834,0.0633
CELL_017_2,CELL_021_1,-2.5,0.363,2301,0.9047,0.0302
CELL_017_2,CELL_021_2,3.4,0.363,4683,0.9617,0.0636
CELL_017_2,CELL_024_0,0.6,0.97,977,0.943,0.0288
CELL_017_2,CELL_024_1,0.5,0.97,3055,0.9396,0.063
CELL_017_2,CELL_024_2,3.1,0.97,3665,0.9401,0.0793
CELL_017_2,CELL_002_0,-4.8,1.241,2077,0.9127,0.08
CELL_018_0,CELL_018_1,-2.8,0.0,762,0.9283,0.0796
CELL_018_0,CELL_018_2,3.3,0.0,1991,0.9031,0.0616
CELL_018_0,CELL_023_0,2.3,0.178,3557,0.8983,0.0197
CELL_018_0,CELL_023_1,-3.5,0.178,1745,0.9686,0.0499
CELL_018_0,CELL_023_2,0.4,0.178,4939,0.9393,0.0327
CELL_018_0,CELL_002_0,2.4,0.437,2420,0.943,0.0767
CELL_018_0,CELL_002_1,0.2,0.437,830,0.8949,0.0625
CELL_018_0,CELL_002_2,-1.1,0.437,535,0.9892,0.0707
CELL_018_0,CELL_019_0,-4.5,0.818,1137,0.9075,0.0598
CELL_018_0,CELL_019_1,3.9,0.818,3267,0.9338,0.0504
CELL_018_0,CELL_019_2,-2.8,0.818,3443,0.9213,0.0153
CELL_018_1,CELL_018_0,-1.2,0.0,2329,0.9564,0.0714
CELL_018_1,CELL_018_2,-0.5,0.0,4048,0.916,0.0102
CELL_018_1,CELL_023_0,3.3,0.178,813,0.9604,0.0421
CELL_018_1,CELL_023_1,2.0,0.178,2984,0.9735,0.0657
CELL_018_1,CELL_023_2,-1.2,0.178,3569,0.9707,0.0446
CELL_018_1,CELL_002_0,-2.1,0.437,2373,0.9172,0.0505
CELL_018_1,CELL_002_1,0.8,0.437,4025,0.9667,0.0726
CELL_018_1,CELL_002_2,3.1,0.437,426,0.891,0.0649
CELL_018_2,CELL_018_0,-5.8,0.0,1344,0.9285,0.01
CELL_018_2,CELL_018_1,5.5,0.0,1707,0.9895,0.0737
CELL_018_2,CELL_023_0,4.6,0.178,2522,0.8975,0.0753
CELL_018_2,CELL_023_1,-2.7,0.178,3002,0.9075,0.036
CELL_018_2,CELL_023_2,4.8,0.178,1405,0.8857,0.0538
CELL_018_2,CELL_002_0,2.7,0.437,1968,0.9272,0.0164
CELL_018_2,CELL_002_1,-4.9,0.437,1798,0.9324,0.0193
CELL_018_2,CELL_002_2,-3.3,0.437,3695,0.881,0.0587
CELL_018_2,CELL_019_0,3.8,0.818,3509,0.9563,0.0434
CELL_018_2,CELL_019_1,-3.3,0.818,781,0.9604,0.0172
CELL_018_2,CELL_019_2,-2.2,0.818,2501,0.8951,0.0641
CELL_019_0,CELL_019_1,1.7,0.0,1220,0.8875,0.0494
CELL_019_0,CELL_019_2,1.3,0.0,1394,0.9284,0.0606
CELL_019_0,CELL_023_0,1.5,0.805,1290,0.9812,0.0531
CELL_019_0,CELL_023_1,-0.7,0.805,1829,0.8895,0.017
CELL_019_0,CELL_023_2,3.0,0.805,4879,0.9603,0.0346
CELL_019_0,CELL_018_0,-0.8,0.818,1195,0.9073,0.0551
CELL_019_0,CELL_018_1,-3.0,0.818,4973,0.946,0.0525
CELL_019_0,CELL_018_2,3.3,0.818,269,0.9733,0.0561
CELL_019_0,CELL_004_0,-2.4,0.879,4291,0.9468,0.0232
CELL_019_1,CELL_019_0,-2.5,0.0,497,0.9662,0.0656
CELL_019_1,CELL_019_2,-3.1,0.0,3211,0.8924,0.045
CELL_019_1,CELL_023_0,1.1,0.805,4377,0.9778,0.0108
CELL_019_1,CELL_023_1,-1.7,0.805,2642,0.8945,0.0703
CELL_019_1,CELL_023_2,0.8,0.805,3043,0.9401,0.0221
CELL_019_1,CELL_018_0,-0.3,0.818,647,0.8818,0.0147
CELL_019_1,CELL_018_1,-2.9,0.818,376,0.9815,0.0764
CELL_019_1,CELL_018_2,-1.2,0.818,2396,0.9491,0.0451
CELL_019_1,CELL_004_0,-1.0,0.879,3345,0.8891,0.0476
CELL_019_1,CELL_004_1,1.4,0.879,2323,0.8892,0.0155
CELL_019_1,CELL_004_2,5.1,0.879,1322,0.939,0.0374
CELL_019_2,CELL_019_0,-2.3,0.0,3633,0.9603,0.0693
CELL_019_2,CELL_019_1,-5.3,0.0,756,0.9817,0.0181
CELL_019_2,CELL_023_0,1.3,0.805,500,0.914,0.0619
CELL_019_2,CELL_023_1,2.9,0.805,1028,0.8814,0.0196
CELL_019_2,CELL_023_2,-5.9,0.805,4116,0.9848,0.0466
CELL_019_2,CELL_018_0,3.4,0.818,2173,0.8984,0.0189
CELL_019_2,CELL_018_1,3.4,0.818,2251,0.9606,0.0183
CELL_019_2,CELL_018_2,4.8,0.818,2794,0.9688,0.029
CELL_020_0,CELL_020_1,-2.8,0.0,4773,0.949,0.0447
CELL_020_0,CELL_020_2,0.1,0.0,504,0.935,0.0497
CELL_020_0,CELL_010_0,-1.6,0.135,2139,0.9651,0.0726
CELL_020_0,CELL_010_1,2.1,0.135,994,0.9051,0.0456
CELL_020_0,CELL_010_2,-5.5,0.135,150,0.9069,0.043
CELL_020_0,CELL_011_0,-1.4,0.418,1279,0.8997,0.0772
CELL_020_0,CELL_011_1,-5.6,0.418,3485,0.9047,0.0274
CELL_020_0,CELL_011_2,5.0,0.418,2670,0.9098,0.0155
CELL_020_1,CELL_020_0,-4.6,0.0,481,0.8997,0.0663
CELL_020_1,CELL_020_2,5.8,0.0,3334,0.8876,0.0426
CELL_020_1,CELL_010_0,-2.6,0.135,2595,0.916,0.0487
CELL_020_1,CELL_010_1,-5.9,0.135,1693,0.9121,0.0649
CELL_020_1,CELL_010_2,2.9,0.135,2037,0.931,0.0514
CELL_020_1,CELL_011_0,-0.1,0.418,1650,0.9606,0.0483
CELL_020_1,CELL_011_1,3.6,0.418,1283,0.8807,0.0387
CELL_020_1,CELL_011_2,-3.2,0.418,2887,0.95,0.0585
CELL_020_1,CELL_005_0,-5.9,1.133,2794,0.8802,0.056
CELL_020_1,CELL_005_1,4.2,1.133,2569,0.8914,0.0471
CELL_020_2,CELL_020_0,-1.0,0.0,540,0.987,0.02
CELL_020_2,CELL_020_1,-2.6,0.0,409,0.9813,0.0728
CELL_020_2,CELL_010_0,0.2,0.135,3101,0.9304,0.0624
CELL_020_2,CELL_010_1,1.0,0.135,4190,0.8947,0.0674
CELL_020_2,CELL_010_2,-5.1,0.135,4701,0.8869,0.0564
CELL_020_2,CELL_011_0,-4.4,0.418,2439,0.9087,0.0321
CELL_020_2,CELL_011_1,3.6,0.418,2722,0.915,0.029
CELL_020_2,CELL_011_2,-5.1,0.418,1710,0.895,0.0639
CELL_020_2,CELL_005_0,-4.7,1.133,915,0.8981,0.0426
CELL_021_0,CELL_021_1,-4.6,0.0,2985,0.9861,0.0245
CELL_021_0,CELL_021_2,-2.3,0.0,2220,0.9738,0.0163
CELL_021_0,CELL_017_0,3.7,0.363,2542,0.9709,0.0588
CELL_021_0,CELL_017_1,-5.5,0.363,2735,0.8963,0.0598
CELL_021_0,CELL_017_2,5.6,0.363,3296,0.9365,0.0574
CELL_021_0,CELL_022_0,-2.9,0.687,1474,0.8834,0.0383
CELL_021_0,CELL_022_1,-0.6,0.687,4556,0.9075,0.0423
CELL_021_0,CELL_022_2,3.6,0.687,1195,0.8934,0.0143
CELL_021_0,CELL_024_0,3.4,0.801,1870,0.8944,0.0677
CELL_021_0,CELL_024_1,-1.5,0.801,738,0.9441,0.0281
CELL_021_0,CELL_024_2,3.8,0.801,228,0.9897,0.0238
CELL_021_1,CELL_021_0,3.7,0.0,803,0.9796,0.0681
CELL_021_1,CELL_021_2,-2.0,0.0,399,0.9837,0.0135
CELL_021_1,CELL_017_0,5.1,0.363,3598,0.9704,0.0376
CELL_021_1,CELL_017_1,-5.6,0.363,3545,0.899,0.025
CELL_021_1,CELL_017_2,-3.8,0.363,2342,0.9291,0.0204
CELL_021_1,CELL_022_0,1.4,0.687,2063,0.9512,0.0449
CELL_021_1,CELL_022_1,4.6,0.687,3974,0.8867,0.0296
CELL_021_1,CELL_022_2,-4.4,0.687,1683,0.9507,0.0658
CELL_021_1,CELL_024_0,-3.0,0.801,4503,0.9674,0.0793
CELL_021_1,CELL_024_1,3.4,0.801,2991,0.9328,0.0647
CELL_021_1,CELL_024_2,-1.9,0.801,4683,0.9353,0.0372
CELL_021_2,CELL_021_0,-5.7,0.0,4941,0.9041,0.0727
CELL_021_2,CELL_021_1,3.3,0.0,529,0.969,0.043
CELL_021_2,CELL_017_0,-1.7,0.363,4834,0.99,0.0782
CELL_021_2,CELL_017_1,-4.8,0.363,2025,0.9093,0.0671
CELL_021_2,CELL_017_2,5.0,0.363,508,0.964,0.0763
CELL_021_2,CELL_022_0,0.9,0.687,3231,0.919,0.0687
CELL_021_2,CELL_022_1,4.1,0.687,1492,0.906,0.0323
CELL_021_2,CELL_022_2,2.9,0.687,2989,0.9805,0.012
CELL_021_2,CELL_024_0,2.4,0.801,4700,0.942,0.0494
CELL_022_0,CELL_022_1,4.0,0.0,4082,0.9396,0.0223
CELL_022_0,CELL_022_2,-5.5,0.0,510,0.9056,0.0253
CELL_022_0,CELL_017_0,0.3,0.338,55,0.9165,0.053
CELL_022_0,CELL_017_1,3.7,0.338,2841,0.9589,0.0743
CELL_022_0,CELL_017_2,4.1,0.338,2700,0.8866,0.0203
CELL_022_0,CELL_021_0,2.5,0.687,1210,0.9652,0.0693
CELL_022_0,CELL_021_1,4.3,0.687,644,0.9211,0.0759
CELL_022_0,CELL_021_2,-1.3,0.687,877,0.917,0.0326
CELL_022_0,CELL_024_0,5.7,1.277,3628,0.9671,0.0772
CELL_022_1,CELL_022_0,-3.9,0.0,4653,0.9563,0.075
CELL_022_1,CELL_022_2,3.4,0.0,1878,0.9532,0.067
CELL_022_1,CELL_017_0,-1.5,0.338,2462,0.894,0.061
CELL_022_1,CELL_017_1,5.4,0.338,4742,0.9231,0.0796
CELL_022_1,CELL_017_2,5.6,0.338,315,0.9,0.0323
CELL_022_1,CELL_021_0,3.7,0.687,1859,0.9504,0.0173
CELL_022_1,CELL_021_1,-0.0,0.687,2762,0.962,0.0267
CELL_022_1,CELL_021_2,5.8,0.687,1425,0.95,0.0774
CELL_022_1,CELL_024_0,3.9,1.277,2800,0.9291,0.0286
CELL_022_1,CELL_024_1,-3.0,1.277,605,0.9186,0.0651
CELL_022_2,CELL_022_0,-5.4,0.0,3639,0.9606,0.0778
CELL_022_2,CELL_022_1,4.6,0.0,4089,0.977,0.0346
CELL_022_2,CELL_017_0,-1.5,0.338,3977,0.9668,0.0505
CELL_022_2,CELL_017_1,3.1,0.338,1897,0.8979,0.0152
CELL_022_2,CELL_017_2,4.1,0.338,2465,0.8822,0.0283
CELL_022_2,CELL_021_0,-4.7,0.687,2850,0.8987,0.0363
CELL_022_2,CELL_021_1,2.8,0.687,4531,0.9836,0.0785
CELL_022_2,CELL_021_2,-1.9,0.687,4004,0.9575,0.0402
CELL_023_0,CELL_023_1,1.3,0.0,3606,0.8973,0.0171
CELL_023_0,CELL_023_2,-3.5,0.0,1606,0.925,0.0488
CELL_023_0,CELL_018_0,5.1,0.178,4474,0.9092,0.0297
CELL_023_0,CELL_018_1,-3.1,0.178,456,0.9232,0.0485
CELL_023_0,CELL_018_2,-0.1,0.178,496,0.9197,0.0399
CELL_023_0,CELL_002_0,-2.5,0.541,4966,0.9328,0.0168
CELL_023_0,CELL_002_1,-3.5,0.541,2440,0.9875,0.0431
CELL_023_0,CELL_002_2,-4.6,0.541,3306,0.9318,0.0726
CELL_023_0,CELL_004_0,-2.8,0.727,4507,0.9226,0.036
CELL_023_1,CELL_023_0,-1.6,0.0,3701,0.8849,0.0408
CELL_023_1,CELL_023_2,-2.8,0.0,2250,0.9421,0.0206
CELL_023_1,CELL_018_0,2.4,0.178,842,0.8894,0.0341
CELL_023_1,CELL_018_1,0.5,0.178,4881,0.905,0.0143
CELL_023_1,CELL_018_2,-1.4,0.178,4330,0.926,0.0475
CELL_023_1,CELL_002_0,4.4,0.541,3939,0.943,0.0265
CELL_023_1,CELL_002_1,-2.4,0.541,3284,0.9793,0.06
CELL_023_1,CELL_002_2,0.0,0.541,4283,0.968,0.0574
CELL_023_1,CELL_004_0,1.4,0.727,1035,0.9844,0.0414
CELL_023_1,CELL_004_1,5.4,0.727,1419,0.9869,0.0666
CELL_023_1,CELL_004_2,-4.5,0.727,3518,0.8886,0.0578
CELL_023_2,CELL_023_0,6.0,0.0,1261,0.9718,0.0281
CELL_023_2,CELL_023_1,4.9,0.0,598,0.8896,0.0489
CELL_023_2,CELL_018_0,0.6,0.178,2312,0.9372,0.0742
CELL_023_2,CELL_018_1,-5.9,0.178,4863,0.9375,0.0394
CELL_023_2,CELL_018_2,-1.0,0.178,1264,0.9423,0.0508
CELL_023_2,CELL_002_0,5.6,0.541,870,0.9817,0.0494
CELL_023_2,CELL_002_1,-4.8,0.541,2393,0.9754,0.0716
CELL_023_2,CELL_002_2,4.5,0.541,2213,0.9221,0.044
CELL_023_2,CELL_004_0,1.3,0.727,356,0.8989,0.0382
CELL_024_0,CELL_024_1,1.3,0.0,3340,0.8843,0.0723
CELL_024_0,CELL_024_2,-2.0,0.0,1996,0.8854,0.0433
CELL_024_0,CELL_006_0,-2.8,0.451,3101,0.8822,0.0672
CELL_024_0,CELL_006_1,-2.4,0.451,2346,0.9727,0.0701
CELL_024_0,CELL_006_2,2.2,0.451,1917,0.8948,0.0782
CELL_024_0,CELL_014_0,-0.7,0.592,2678,0.9096,0.0392
CELL_024_0,CELL_014_1,1.7,0.592,1589,0.9286,0.0739
CELL_024_0,CELL_014_2,-1.1,0.592,4018,0.9635,0.0707
CELL_024_0,CELL_015_0,3.9,0.661,4271,0.9671,0.0146
CELL_024_0,CELL_015_1,2.5,0.661,3354,0.8949,0.0696
CELL_024_0,CELL_015_2,4.6,0.661,287,0.8991,0.0713
CELL_024_0,CELL_002_0,-3.6,0.681,522,0.9074,0.042
CELL_024_1,CELL_024_0,2.5,0.0,2294,0.9205,0.0425
CELL_024_1,CELL_024_2,-1.2,0.0,1064,0.9549,0.0269
CELL_024_1,CELL_006_0,-0.1,0.451,3704,0.8995,0.0709
CELL_024_1,CELL_006_1,1.0,0.451,2915,0.9179,0.0686
CELL_024_1,CELL_006_2,-2.9,0.451,790,0.9114,0.0371
CELL_024_1,CELL_014_0,-4.0,0.592,4737,0.9658,0.025
CELL_024_1,CELL_014_1,-3.3,0.592,1894,0.9545,0.0288
CELL_024_1,CELL_014_2,-1.1,0.592,214,0.9751,0.0777
CELL_024_1,CELL_015_0,2.2,0.661,3933,0.9803,0.0553
CELL_024_1,CELL_015_1,1.2,0.661,119,0.9046,0.0526
CELL_024_2,CELL_024_0,2.6,0.0,2305,0.9266,0.0364
CELL_024_2,CELL_024_1,-1.8,0.0,2114,0.904,0.0312
CELL_024_2,CELL_006_0,0.2,0.451,3303,0.9443,0.0105
CELL_024_2,CELL_006_1,6.0,0.451,3115,0.9418,0.0516
CELL_024_2,CELL_006_2,-2.6,0.451,935,0.933,0.0335
CELL_024_2,CELL_014_0,-2.7,0.592,2713,0.9748,0.0283
CELL_024_2,CELL_014_1,2.5,0.592,2497,0.9007,0.0462
CELL_024_2,CELL_014_2,-3.1,0.592,515,0.9686,0.0662
CELL_024_2,CELL_015_0,1.2,0.661,2668,0.9549,0.0605
CELL_024_2,CELL_015_1,1.9,0.661,2471,0.9085,0.0393
